Timestamp,Orientation (x),Orientation (y),Orientation (z),Orientation (w),Angular Velocity (x),Angular Velocity (y),Angular Velocity (z),Linear Acceleration (x),Linear Acceleration (y),Linear Acceleration (z)
1705722447.6529562,-0.0012420766858927668,-0.0013931303797912185,-0.9999972426429959,-0.001425180569654294,0.0018416896928101778,0.0007246314780786632,-0.0006057757418602706,0.0,1.1241062850755454e-15,9.1790244
1705722447.9029877,-0.0034226480760432324,-0.002600413341409508,-0.9999897712498084,-0.00140738280413949,0.030688730999827385,-0.05130840837955475,-0.000426015583798283,0.0,1.1120966025426871e-15,9.0809579
1705722448.1520102,-0.01406778098539539,-0.008848646170441241,-0.9998609262600238,-0.001388213796437666,0.05643821880221367,-0.09866652637720108,-0.0004673656076192735,0.0,1.142120808874833e-15,9.32612415
1705722448.402051,-0.02537461103261565,-0.015474620728918656,-0.9995572783635065,-0.001382931227258079,0.0492323599755764,-0.08541160076856613,-0.000572675839066495,0.0,1.188958570752981e-15,9.7085835
1705722448.6530683,-0.03575854610248688,-0.021663802900645734,-0.9991246141245081,-0.0014182648098647354,0.04732606187462807,-0.08182606846094131,-0.0005759355844929715,0.0196133,0.009806650000001213,9.9047165
1705722448.9031048,-0.04619838562611829,-0.027843611161104304,-0.9985431322675536,-0.00143369604611793,0.054993949830532074,-0.09161590784788132,-0.0008360415231436379,0.0588399,0.029419950000001218,9.9635564
1705722449.153135,-0.05729160632380554,-0.03491921544286042,-0.9977047438867114,-0.00914134911514958,0.055962033569812775,-0.0949293449521065,-0.18264298141002655,0.10787315,0.05883990000000122,9.9635564
1705722449.4031658,-0.06684988189505968,-0.04537486368052916,-0.9946899615396938,-0.06375025842106274,0.06285965442657471,-0.09120645374059685,-0.6703828573226929,0.1569064,0.09806650000000122,9.9439431
1705722449.653193,-0.07255292980004804,-0.062039838868164006,-0.9794623595608329,-0.17759678199271373,0.09303773194551468,-0.08142282813787474,-1.1229718923568726,0.2157463,0.15690640000000122,9.9243298
1705722449.9032362,-0.07209059597846991,-0.08542849857841149,-0.9358773405229679,-0.3341235117404402,0.12989532947540283,-0.05227932333946246,-1.4524785280227661,0.2353596,0.2843928500000012,9.93413645
1705722450.1532552,-0.06297330293528092,-0.11357421008016708,-0.8514723225388059,-0.5080651000339024,0.15473681688308716,-0.002303420333191953,-1.6354467868804932,0.16671305,0.4805258500000012,9.9439431
1705722450.4022925,-0.04525808752532314,-0.14211877204071738,-0.7267929159221433,-0.6704670144851103,0.1473078727722168,0.051437336951494016,-1.6456393003463745,0.0,0.6864655000000013,9.9635564
1705722450.6533196,-0.019084321869250666,-0.16305697571491323,-0.5814049430274649,-0.7968792277081433,0.0555994026362896,0.06717209517955762,-1.4578684568405151,-0.30400615,0.7747253500000013,10.002783
1705722450.9033499,0.010133664736578256,-0.17322861027859693,-0.4441506475449222,-0.8789876903036692,0.013994316570460796,0.08435866981744752,-1.1683804988861084,-0.73549875,0.6766588500000013,10.03220295
1705722451.15338,0.03616277900965842,-0.18151461527557214,-0.3286589282313993,-0.9261360627626201,0.008746909908950329,0.11022769659757603,-0.9107882380485535,-1.18660465,0.4511059000000013,9.97336305
1705722451.403416,0.058030550018082855,-0.19070097698006844,-0.2328202186791571,-0.9518720178772122,0.011216816492378712,0.11598306149244299,-0.7371345162391663,-1.55925735,0.19613300000000122,9.9243298
1705722451.6534412,0.0741781459707196,-0.19960527774498033,-0.1598835101740647,-0.9638944957468714,0.007698463276028633,0.10957187414169306,-0.4507974684238434,-1.8436502,-0.02941994999999879,9.87529655
1705722451.9034796,0.08221965859961038,-0.2110876246999284,-0.13000948612627555,-0.9652872504884169,-0.0028181832749396563,0.11732094734907149,-0.06599365174770357,-2.04958985,-0.2549728999999988,9.83606995
1705722452.1535037,0.08132679177660271,-0.22497918297171782,-0.14349514097698451,-0.9603017570975796,-0.002938009798526764,0.09025230258703235,0.254630982875824,-2.26533615,-0.41187929999999884,9.77723005
1705722452.4025323,0.07132016841581394,-0.23543513755902393,-0.187586848902944,-0.9509442169225109,0.0034896801225841045,0.041240680962801035,0.44882702827453613,-2.55953565,-0.41187929999999884,9.71839015
1705722452.6535583,0.05899688431790652,-0.24411528885769682,-0.24473769334677173,-0.9364990949499122,-0.01818385161459446,0.03155887126922613,0.4807773530483246,-2.91257505,-0.2647795499999988,9.5909037
1705722452.9035914,0.05127756965796072,-0.250365984369763,-0.2936887110393219,-0.9211050025532346,-0.041284430772066116,0.037975240498781246,0.3349720537662506,-3.2165812000000003,-0.03922659999999885,9.4339973
1705722453.1536162,0.050796267326996575,-0.25304224007404025,-0.31859181560021094,-0.9120792832843628,-0.042414966970682144,0.016666825860738765,0.09234002977609634,-3.4421341500000002,0.17651970000000114,9.30651085
1705722453.4036505,0.056514378824940606,-0.2523338366058982,-0.3157624270170354,-0.9129226963845789,-0.02814175933599472,0.004607453942298873,-0.13254977762699127,-3.6284605,0.34323275000000114,9.20844435
1705722453.6536784,0.06565098203021918,-0.2502370336811577,-0.2915419416093878,-0.9209096979701926,-0.009099560789763927,-0.001390386139974031,-0.269079327583313,-3.8442068000000003,0.36284605000000114,9.100571200000001
1705722453.9037123,0.0739733834174479,-0.2478192776195323,-0.2582626167471625,-0.9308136037772636,0.01572718843817711,0.0006655666511505496,-0.2822420597076416,-4.06975975,0.2451662500000011,8.9828914
1705722454.1537364,0.07800190885002796,-0.24664869448704965,-0.22969907608939252,-0.9382528753844912,0.037613462656736374,0.0018287861021235355,-0.18714772164821625,-4.24627945,0.07845320000000108,8.8848249
1705722454.4027746,0.07656601285483784,-0.2458015578121776,-0.21593155333056427,-0.9418560421470308,0.0393841452896595,-0.015794759616255764,-0.04006756469607353,-4.36395925,-0.05883989999999892,8.79656505
1705722454.6528072,0.07089303509032822,-0.24434757862565515,-0.21956572395090776,-0.9418382723490135,0.028060520067811012,-0.03715952485799788,0.09451689571142197,-4.4620257500000005,-0.15690639999999895,8.7475318
1705722454.9038484,0.06429455042876119,-0.24309838136498427,-0.23612161474992252,-0.9386245100202623,0.0017079256940633059,0.009005573578178903,0.16832275688648224,-4.5502856000000005,-0.15690639999999895,8.69849855
1705722455.153866,0.060535803814927513,-0.24653149826519358,-0.256525883745411,-0.9326050116679813,-0.01758682355284691,0.02067457139492037,0.16448497772216797,-4.6287388,-0.07845319999999893,8.6494653
1705722455.4038966,0.059462462786848,-0.2484721407860778,-0.272625045262092,-0.9275782422353105,-0.02288934402167797,0.01353673264384271,0.09922514110803604,-4.6483521,0.009806650000001058,8.63965865
1705722455.653922,0.060864562511972226,-0.24809959234212606,-0.2793980211934952,-0.9255694696040142,-0.025428101420402527,-0.0030586079228669396,0.008750448003411293,-4.6679654,0.10787315000000107,8.629852
1705722455.9039567,0.06399292257294494,-0.24648845364794497,-0.27596692099608605,-0.9268174613130451,-0.014464123174548149,-0.0008449659217149104,-0.0694262757897377,-4.69738535,0.15690640000000106,8.62004535
1705722456.1539814,0.06766379205232008,-0.2457185559002451,-0.26540137206233194,-0.9298419834782845,0.0004753135144710541,0.0004075743490829932,-0.10757363587617874,-4.73661195,0.15690640000000106,8.6102387
1705722456.4040177,0.07034865203368244,-0.2451719907980689,-0.2529884233408076,-0.9332409226671792,0.010426342487335205,0.0012186018284410117,-0.09930821508169174,-4.75622525,0.09806650000000104,8.5906254
1705722456.6530523,0.07117554422581931,-0.24532351410719558,-0.24368346384466463,-0.9356114496835324,0.015669511631131172,0.005908733233809464,-0.055763714015483856,-4.7758385500000005,0.02941995000000105,8.5710121
1705722456.9040892,0.06982709767030405,-0.24475520217812094,-0.24052377187010845,-0.9366789111552929,0.017298460006713867,-0.007719184271991253,0.00010003370698541498,-4.7856452,-0.009806649999998952,8.56120545
1705722457.1541116,0.06752268520205712,-0.24531357766165804,-0.2434152362510625,-0.9359545706703831,0.007371960207819939,0.0007726864423602875,0.045231107622385025,-4.8052585,-0.03922659999999895,8.56120545
1705722457.4041495,0.06538155098115705,-0.2462828886815698,-0.2502407665756648,-0.9340500791058173,0.0015891215298324823,0.0036721385549753982,0.0645599514245987,-4.81506515,-0.029419949999998956,8.5513988
1705722457.6541831,0.06426508164078054,-0.24708265465383575,-0.2577700225936908,-0.9318662868153162,-0.010145365260541439,-0.002106775762513273,0.0556778684258461,-4.81506515,1.0460433486119658e-15,8.54159215
1705722457.9042106,0.06397520568992897,-0.2466234194247921,-0.26304093966854075,-0.930534000510699,-0.01031837984919548,-0.009572925046086308,0.02649696357548237,-4.81506515,0.029419950000001045,8.54159215
1705722458.1542356,0.06483577811586969,-0.2465613759536033,-0.2642543374095787,-0.9301470071575784,-0.0072245607152581215,-0.0002897954545915137,-0.008205382153391838,-4.8248718,0.05883990000000105,8.54159215
1705722458.4042792,0.06615272853600401,-0.24609449281528514,-0.2618724227781056,-0.930851304613983,-0.006654776632785797,0.0012027842458337504,-0.03299228847026825,-4.8248718,0.06864655000000104,8.5317855
1705722458.6533124,0.0673847166187521,-0.24595356477988933,-0.2574012166131477,-0.9320465426277524,0.0064186835661530495,0.0046977410092949815,-0.04160632938146591,-4.83467845,0.06864655000000104,8.5317855
1705722458.904357,0.06798444160159482,-0.24600956634143195,-0.25285992258486123,-0.9332305548571576,0.005456679500639439,-0.01576032862067223,-0.033071428537368774,-4.83467845,0.03922660000000105,8.5317855
1705722459.1543756,0.0678455004394219,-0.24578437500419728,-0.25004491390558514,-0.9340581192323467,0.006337212398648262,0.0019373283721506578,-0.01439452450722456,-4.83467845,0.019613300000001044,8.54159215
1705722459.4044104,0.0673795842823715,-0.246342704953875,-0.24950274103167389,-0.9340897417034536,0.00768775399774313,0.002710406668484212,0.0053472137078642845,-4.8444851,1.04484238035868e-15,8.5317855
1705722459.6544387,0.06670596198307907,-0.2472369365379378,-0.25110931812430676,-0.9334711148173753,0.0020126267336308956,-0.001974149374291298,0.02072853036224842,-4.83467845,1.0436414121053943e-15,8.52197885
1705722459.904486,0.06563406697988167,-0.2472381450636504,-0.2539197861936982,-0.9327862622576044,-2.4215783923864365e-05,-0.0006660311482846707,0.02487877383828163,-4.83467845,1.04484238035868e-15,8.5317855
1705722460.154509,0.06510372469427561,-0.24728970477974113,-0.25661792659711236,-0.9320711060267235,-0.0018757889047265053,0.006166386883705857,0.018624352291226387,-4.8444851,0.009806650000001046,8.5317855
1705722460.4045525,0.06542452857561268,-0.24774083285729606,-0.258150736712136,-0.9315053987663268,-0.005244921892881393,0.002189128659665585,0.0053058164194226265,-4.8444851,0.02941995000000104,8.5121722
1705722460.65358,0.06592577615090327,-0.24775919452477377,-0.2580485026962239,-0.9314935017613237,-0.002160340081900358,-0.000418639276176692,-0.007528388407081366,-4.8444851,0.03922660000000105,8.52197885
1705722460.9036143,0.06655505038253955,-0.2482474287649715,-0.25676144692120473,-0.9316744059783372,0.000257367268204689,-0.0021528601646423357,-0.013674330897629261,-4.8444851,0.03922660000000105,8.52197885
1705722461.154636,0.06669944353824006,-0.2475842964671686,-0.2551249578435404,-0.9322898992587434,0.000765419565141201,-0.00039245164953172375,-0.013782607391476631,-4.85429175,0.03922660000000105,8.52197885
1705722461.4046729,0.06685587867641586,-0.24778001962611446,-0.25379217733899445,-0.9325904160359033,0.0014761255588382483,0.005092423409223556,-0.008234933950006962,-4.85429175,0.029419950000001045,8.52197885
1705722461.6547034,0.0669358638266821,-0.24833635900797282,-0.2532587016721278,-0.9325817245452471,0.001953691244125366,0.0064148553647100925,-0.0006221821531653412,-4.8640984,0.019613300000001044,8.52197885
1705722461.9047334,0.06669294359911973,-0.24840047456582595,-0.25355687032598767,-0.9325010289646052,0.0021093471441417933,0.0008757947944104678,0.004954617936164141,-4.8640984,0.019613300000001044,8.52197885
1705722462.1547618,0.06625152525170094,-0.24810041249937018,-0.254291392813568,-0.9324123595600828,0.0012944734189659357,-0.00046582170762121596,0.006419073790311813,-4.8640984,0.019613300000001044,8.52197885
1705722462.4048023,0.06609942572769317,-0.24855896907897837,-0.2550890432734798,-0.9320830890058489,-0.0003651091828942299,0.002905110130086542,0.006605328526347876,-4.87390505,0.01961330000000104,8.5121722
1705722462.6548228,0.06599616306231001,-0.24887901325635284,-0.25577731472667325,-0.9318163491229424,-0.001911540050059557,0.00027383747510612076,0.005309124942868948,-4.8640984,0.02941995000000104,8.5121722
1705722462.9038537,0.06612460454102598,-0.24927342651784326,-0.2561144527045459,-0.9316091898549506,-0.003020473988726735,0.005005356855690479,0.0005972138606011861,-4.87390505,0.02941995000000104,8.5121722
1705722463.1548786,0.06614231938544922,-0.24872420445007318,-0.25597133069778494,-0.931794044608462,-0.0009287860011681914,-0.0023317201994359498,-0.0036461208947002883,-4.87390505,0.03922660000000105,8.5121722
1705722463.4049227,0.06640789356380314,-0.24938152545640666,-0.255429533492839,-0.9317481418565239,0.0007909550331532955,0.008050769567489624,-0.004874118603765965,-4.8837117,0.03922660000000105,8.50236555
1705722463.6549401,0.0665967996771286,-0.2499052910014304,-0.2547731421647947,-0.9317740379693632,-0.0005908259190618992,0.0009196394821628922,-0.004953988827764988,-4.87390505,0.02941995000000104,8.50236555
1705722463.904973,0.06655169559614002,-0.24999645756063357,-0.25431121577175975,-0.9318789881487308,0.002395508112385869,0.00039659184403717485,-0.002578780986368656,-4.87390505,0.02941995000000104,8.5121722
1705722464.1550026,0.06649934887421219,-0.25006927193444145,-0.25413017286486783,-0.9319125769476215,0.002191724954172969,0.00011281529441475863,-0.00043852953240275383,-4.8837117,0.02941995000000104,8.5121722
1705722464.4050548,0.06637851709289538,-0.250032453073119,-0.25420490050649874,-0.9319106896249597,0.0032886185217648745,-0.009021942503750324,0.0014922565314918767,-4.89351835,0.02941995000000104,8.50236555
1705722464.6550868,0.06420164265322288,-0.2428091972602623,-0.25495615373172215,-0.9337661390737947,0.00023329840041697025,-0.0947767123579979,0.0028024304192513345,-4.89351835,0.02941995000000104,8.50236555
1705722464.90412,0.06078789911396809,-0.23078639048619756,-0.2561134674513865,-0.9367221386717033,-0.0005791385192424059,-0.1054307296872139,0.0030898291151970755,-4.9425516,0.02941995000000104,8.50236555
1705722465.155139,0.05718702900722353,-0.21757729727210143,-0.2572629926115348,-0.9397901446906388,-0.0011981315910816193,-0.13399407267570496,0.0019437556620687411,-4.97197155,0.02941995000000104,8.4925589
1705722465.4051774,0.05308418797840561,-0.20220051943179637,-0.2583464583104992,-0.9431617710693148,-0.0014804434031248093,-0.13576728105545044,0.0005039569223299788,-4.95235825,0.03922660000000105,8.5121722
1705722465.6552105,0.048352380874136874,-0.1846874647465791,-0.2592992406363922,-0.9467399280872619,0.0010583517141640186,-0.15778332948684692,-0.00066413450986145,-4.8837117,0.03922660000000105,8.5513988
1705722465.9052467,0.042986836661517105,-0.16460759931615146,-0.260170788922241,-0.9504565380451586,-0.000914253294467926,-0.18726670742034912,-0.0015384157886728415,-4.7856452,0.039226600000001055,8.629852
1705722466.1552727,0.03671038294213006,-0.14077509877357555,-0.26102309699541876,-0.9543069014653788,-0.003337925300002098,-0.21180357038974762,-0.001972997561097119,-4.6287388,0.03922660000000107,8.73772515
1705722466.4053104,0.029650110967665056,-0.11406526037852027,-0.26182430918156835,-0.9578924879212593,-0.0005836770869791508,-0.22961655259132385,-0.0020002154633402543,-4.4326058,0.03922660000000109,8.89463155
1705722466.6553366,0.021977876248541632,-0.0843767409029479,-0.26262411625019905,-0.9609506293842585,-0.002441319404169917,-0.2579360902309418,-0.0013147707795723956,-4.1776329,0.039226600000001104,9.05153795
1705722466.9043696,0.013771333893891756,-0.05255322934471369,-0.26328054965102415,-0.9631883827287783,-0.0040176608599722385,-0.2514568567276001,-0.0011997751425951411,-3.85401345,0.03922660000000113,9.2574776
1705722467.154397,0.00752959117070655,-0.02802572097174,-0.2636942104484042,-0.9641697089189272,-0.00683191604912281,-0.18875424563884735,-0.0007143606198951371,-3.48136075,0.02941995000000116,9.463417250000001
1705722467.4054356,0.0018594415073625889,-0.005804820760348402,-0.263984573091964,-0.9645076421173004,-0.004281249828636646,-0.18025235831737518,-0.0006844205781817215,-3.0596748,0.02941995000000118,9.6497436
1705722467.655463,-0.00374594914829322,0.016103631022174224,-0.264124429691328,-0.9643468912031139,-0.0024595758877694607,-0.17986233532428741,-0.001454203389584996,-2.6477955,0.029419950000001197,9.79684335
1705722467.905504,-0.009549988760526498,0.037411932794619567,-0.26404822552392093,-0.9637363122747389,0.006799030117690563,-0.17810237407684326,-0.0024692725855856917,-2.24572285,0.029419950000001215,9.9243298
1705722468.1555293,-0.02289128479606759,0.059381336663121544,-0.2635766464503049,-0.9625368550775069,0.09344655275344849,-0.21294380724430084,-0.012057146988809083,-1.8632635,0.01961330000000123,10.01258965
1705722468.4055693,-0.04260196285172427,0.07958202458547285,-0.2599597045757599,-0.9613910370504508,0.11203823238611221,-0.16110238432884216,-0.05883326753973959,-1.4906108,0.019613300000001235,10.091042850000001
1705722468.6555955,-0.06023464565159524,0.08738302925068764,-0.24685390511855315,-0.9632233090981138,0.11093457788228989,-0.06291861832141879,-0.17655441164970398,-1.12776475,0.029419950000001246,10.179302700000001
1705722468.905635,-0.07857576018548729,0.08722885999303254,-0.2122234158282083,-0.970143390262386,0.1145382821559906,-0.03694389015436177,-0.41862332820892334,-0.81395195,0.04903325000000125,10.198916
1705722469.1546655,-0.09993737342897335,0.07955985739639822,-0.13657120463483513,-0.9823599424588589,0.1172102838754654,-0.0006265668198467306,-0.8204737901687622,-0.5491724,0.05883990000000125,10.18910935
1705722469.405697,-0.1229343017675343,0.06027296447975958,-0.010028310389721625,-0.9905320591442146,0.10784874856472015,0.053006030619144294,-1.1986923217773438,-0.3530394,0.08825985000000124,10.16949605
1705722469.6557226,-0.14322895151727225,0.02884732906916598,0.15436823996511273,-0.9771508304979899,0.08226430416107178,0.10060024261474591,-1.4571222066879272,-0.24516625,0.14709975000000125,10.16949605
1705722469.905761,-0.15487489509775534,-0.012310219124392376,0.3343615526145653,-0.9295507396085196,0.025419659912586212,0.12740819156169872,-1.5700217485427856,-0.2353596,0.24516625000000125,10.16949605
1705722470.1557822,-0.15390599892247286,-0.05751266016989775,0.5042949029990706,-0.8477569747427713,-0.03870005160570145,0.12632687389850597,-1.5047210454940796,-0.38245935,0.3138128000000013,10.1596894
1705722470.405822,-0.14216526547231084,-0.1002615482099344,0.6413883173652865,-0.7472333541746252,-0.0818941593170166,0.10705719143152222,-1.2923932075500488,-0.6472389000000001,0.28439285000000125,10.13026945
1705722470.655852,0.1232292155098402,0.13213084309223413,-0.7387212987414288,0.6493433941562365,-0.07979065924882889,0.020789818838238595,-0.9893960356712341,-0.97085835,0.12748645000000125,10.091042850000001
1705722470.9058862,0.10580580367407565,0.14948035774408056,-0.7930223040740025,0.5810132354763914,-0.055518943816423416,0.011075022630393446,-0.48548033833503723,-1.24544455,-0.06864654999999878,10.0223963
1705722471.1549149,0.10453112356198486,0.15864830548443723,-0.8062483903713518,0.5602387815899487,-0.017658930271863937,0.07845331728458405,0.018752064555883397,-1.44157755,-0.3040061499999988,9.93413645
1705722471.4059503,0.11703322385365884,0.16314765405231724,-0.7874597501125119,0.5827462650625785,-0.01435566134750843,0.08456491678953176,0.40247148275375366,-1.6279039,-0.45110589999999884,9.87529655
1705722471.6559746,0.13698902158281825,0.16482157125976524,-0.7443051583529269,0.6325169474903172,-0.0218201857060194,0.12149518728256234,0.6279816627502441,-1.9024901,-0.43149259999999884,9.8262633
1705722471.9060166,-0.16023513159359404,-0.16482966181917694,0.6858566259986147,-0.6904756141686362,-0.024905191734433174,0.13085192441940316,0.6782433986663818,-2.2359162,-0.2647795499999988,9.75761675
1705722472.1560357,-0.1787573268389955,-0.1644612083232255,0.6289476976122653,-0.738527672282137,-0.03720283508300781,0.07485133409500128,0.5096446871757507,-2.5301157,-0.019613299999998814,9.6889702
1705722472.4060738,-0.18501088393511902,-0.16348491319026873,0.5949091185337886,-0.764935812124172,-0.03927187621593475,0.026292832568287874,0.19186042249202728,-2.75566865,0.2353596000000012,9.6301303
1705722472.6560981,-0.18420970186151128,-0.1679101336702916,0.5916435435317396,-0.7667013043866069,-0.025799740105867386,0.03012737631797789,-0.11235842853784561,-2.9616083,0.4609125500000012,9.52225715
1705722472.9061306,-0.17970297238736477,-0.17787611760386027,0.6125677819759319,-0.7488842640798449,-0.012744452804327011,0.034677255898714024,-0.31844696402549744,-3.20677455,0.5295591000000012,9.40457735
1705722473.1551583,-0.17348461927012504,-0.1891702132858884,0.6456280874472189,-0.7192232546166161,0.008184308186173439,0.031098028644919347,-0.38889628648757935,-3.50097405,0.42168595000000114,9.26728425
1705722473.4051917,-0.16818649426780924,-0.19618997896099447,0.6770806458615836,-0.6890461481648742,0.0351908802986145,0.006825288757681809,-0.30686959624290466,-3.77556025,0.2059396500000011,9.1397978
1705722473.6562195,0.16719696412447618,0.19743858621525276,-0.6960669099059975,0.6697417687398605,0.04340164735913277,0.006877318024635299,-0.12448426336050034,-3.9814999,1.1060917612762579e-15,9.03192465
1705722473.9062648,0.17043447880794133,0.194486181806253,-0.698368095470175,0.6673898536457165,0.03575955703854561,0.0003149965777993287,0.06916625052690506,-4.12859965,-0.1470997499999989,8.9436648
1705722474.1562839,0.17576864289015554,0.18880764105885672,-0.6866525178905711,0.6796803502595038,0.013723596930503845,-0.006891098804771876,0.19983136653900146,-4.2560861,-0.19613299999999892,8.87501825
1705722474.4063208,-0.17931922749936174,-0.1817650261390361,0.6676778158059121,-0.6992942329251355,-0.01176399365067482,-0.028626911342143985,0.23227670788764954,-4.3933792,-0.13729309999999892,8.79656505
1705722474.6563447,-0.17875401423886728,-0.17587370618098025,0.6496978145568871,-0.7176407120751037,-0.02985122986137867,-0.033219024538993815,0.17119111120700836,-4.511059,-0.00980664999999893,8.73772515
1705722474.906376,-0.17749632331759607,-0.17506587383991087,0.6391758127317723,-0.7275309446642679,-0.02821120247244835,0.01121967192739249,0.05752462148666382,-4.57970555,0.11767980000000107,8.6886919
1705722475.1564028,-0.17637013557840198,-0.17895025312991905,0.6387905503290112,-0.7271980576095848,-0.02298281528055668,0.013443235307931893,-0.056398436427116394,-4.59931885,0.20593965000000106,8.6494653
1705722475.4054368,-0.17430313937674768,-0.18348827173563712,0.6472507826469537,-0.7190388682830609,-0.005216046702116728,0.01519127190113066,-0.12863755226135254,-4.6091255,0.22555295000000106,8.6494653
1705722475.6564634,-0.17136635550910526,-0.1864836041155182,0.659742619392891,-0.7075288783874624,0.009869925677776337,0.005806916393339617,-0.13943639397621155,-4.6483521,0.16671305000000106,8.63965865
1705722475.9065065,-0.17045569621649245,-0.1882286361325339,0.6704357512403987,-0.697159049016621,0.018260985612869263,0.001381468842737365,-0.0959528386592865,-4.6875787,0.07845320000000107,8.62004535
1705722476.1565251,-0.1709754572225723,-0.18807554680562405,0.6758139555085787,-0.6918601587467995,0.02403375878930092,0.007949389517307278,-0.024617619812488556,-4.707192,1.0544501263849668e-15,8.6102387
1705722476.40656,-0.1733497593248521,-0.18652997590156808,0.6749331865782906,-0.6925471988878812,0.015128242783248425,0.0006342262495309168,0.04317788779735565,-4.7268053,-0.039226599999998946,8.60043205
1705722476.6565952,-0.17549795532025816,-0.18418445844757023,0.6692523806382638,-0.6981244902986862,0.005106138996779919,-0.0025319389533251424,0.08182669430971146,-4.7464186,-0.039226599999998946,8.60043205
1705722476.9066253,-0.17732882698674465,-0.18277635688857993,0.6616041064489571,-0.7052852591766828,-0.007591230794787407,0.0011279440950602393,0.08224332332611084,-4.7660319,-0.009806649999998949,8.58081875
1705722477.1566505,-0.1781883807417301,-0.1823569522324977,0.6552721085476146,-0.7110649103286406,-0.015491912141442299,0.0017025360139086905,0.05181937292218208,-4.7758385500000005,0.02941995000000105,8.5710121
1705722477.4056895,-0.17782435512595848,-0.18302003831587638,0.6524592225922717,-0.7135678854553227,-0.0091136135160923,0.004967438522726298,0.005907032638788222,-4.7758385500000005,0.07845320000000104,8.5710121
1705722477.6567116,-0.17679538501023132,-0.18426497694672136,0.6536330134317596,-0.7124280271452165,-0.006851129233837128,-0.009851166978478435,-0.03324546292424202,-4.7856452,0.10787315000000104,8.5710121
1705722477.9067533,-0.1727945310876553,-0.1828358565986764,0.6582267736774978,-0.7095425385289719,-0.002936355071142316,-0.0656931921839714,-0.05287440493702888,-4.79545185,0.09806650000000104,8.56120545
1705722478.1567712,-0.1646290288064716,-0.1760065128586096,0.6647266641481616,-0.7071474049136057,0.005232853814959526,-0.09381787478923798,-0.049234807491302476,-4.8248718,0.07845320000000104,8.56120545
1705722478.4068038,-0.15656707075777077,-0.16755975405092896,0.6701945736795342,-0.7058680574917886,0.011667704209685326,-0.10675548017024994,-0.028320802375674234,-4.87390505,0.03922660000000105,8.54159215
1705722478.6568356,-0.1476146400229081,-0.15671558569331392,0.6737560928264337,-0.7068966477717707,0.012440722435712814,-0.12303315848112106,-0.001181998522952184,-4.8640984,0.009806650000001046,8.54159215
1705722478.9068732,-0.13756920054319297,-0.14430212102836312,0.6751010696033589,-0.7102747065389723,0.0053050643764436245,-0.13449859619140625,0.021397963166236895,-4.8248718,1.0496462533718233e-15,8.5710121
1705722479.1568928,-0.1257144063896432,-0.1303664483274064,0.6750032249431371,-0.7152420034456604,0.002475478919222951,-0.1609611064195633,0.0319379083812237,-4.7464186,1.0568520628915385e-15,8.629852
1705722479.4059327,-0.11137531644761176,-0.11465071444792922,0.6746296390837433,-0.7206424929412032,-0.005899585317820311,-0.18261373043060303,0.0289749186486006,-4.6287388,0.01961330000000107,8.71811185
1705722479.6559572,-0.09941178284892653,-0.09702008180452917,0.6750396713749456,-0.7245866706112153,0.05830684304237366,-0.1584332287311554,0.015696518123149893,-4.4620257500000005,0.03922660000000108,8.83579165
1705722479.9069903,-0.0936678246672306,-0.0756722797844195,0.6772949702379873,-0.7257903057940779,0.090936079621315,-0.15090183913707733,-0.006042297929525357,-4.24627945,0.0490332500000011,8.9632781
1705722480.1570184,-0.08818619282622586,-0.05343271303184927,0.6818691502950284,-0.7241702855329042,0.0973619818687439,-0.17127470672130585,-0.038945481181144694,-3.9814999,0.04903325000000112,9.11037785
1705722480.4070554,-0.08451666102127241,-0.03174092489553783,0.6894381918071839,-0.7186963387789255,0.10823985934257507,-0.10639771819114686,-0.08203210681676863,-3.7069137,0.04903325000000113,9.26728425
1705722480.6570787,-0.08700645787812232,-0.01596820870731524,0.7003291114138643,-0.7083177452982873,0.11745106428861618,-0.07040294259786607,-0.13472281396389008,-3.4127142,0.04903325000000115,9.40457735
1705722480.9071188,0.0914920000748332,0.001141529021009754,-0.7157946205170768,0.6922903813231953,0.12466222792863846,-0.05835997685790064,-0.19539949297904968,-3.1185147,0.049033250000001166,9.5124505
1705722481.1571383,0.09865159701933261,-0.01234700848305013,-0.7358507637220111,0.6698052458116371,0.13747145235538483,-0.04402378946542743,-0.2613011598587036,-2.85373515,0.04903325000000117,9.60071035
1705722481.4071767,0.10839837674181958,-0.02414391343542387,-0.7602241491386763,0.6400985130666507,0.14462806284427643,-0.016356687992811245,-0.3292815685272217,-2.6281822,0.029419950000001183,9.6693569
1705722481.656201,0.12142260190675645,-0.03322354997813438,-0.7879785058097716,0.6026961272937164,0.15033990144729614,0.018453484401106786,-0.39502832293510437,-2.4320492,0.019613300000001194,9.7281968
1705722481.907233,0.13864418490716104,-0.03624767294048919,-0.8175180150483721,0.5577886618327751,0.1159818097949028,0.10654269158840174,-0.4519025981426239,-2.28494945,1.1985663167792674e-15,9.7870367
1705722482.157261,0.15906545569849764,-0.02689838972919995,-0.8462335727585979,0.5078025184750709,0.04758284240961075,0.11121160537004465,-0.4850323796272278,-2.18688295,-0.009806649999998798,9.81645665
1705722482.4072945,0.17258209355294976,-0.014163529855312067,-0.8729872272313166,0.4559694249594988,0.019828258082270622,0.10252285748720164,-0.4701607823371887,-2.14765635,-0.0294199499999988,9.80665
1705722482.6573176,0.18597208756374525,0.00010322020432060242,-0.8939794355919326,0.40769491133873875,0.0030494348611682653,0.11747515201568598,-0.3997962772846222,-2.1770763,-0.05883989999999881,9.77723005
1705722482.907361,0.1990372717775818,0.01486093047158693,-0.9076495695502577,0.3692364771851337,-0.01527545414865017,0.12552586197853086,-0.2887480854988098,-2.2555295,-0.09806649999999882,9.73800345
1705722483.1573794,0.21288099238069016,0.029466753514509794,-0.9138697981360973,0.34446391041009844,-0.03494836017489433,0.13780550658702848,-0.16498662531375888,-2.3732093,-0.1274864499999988,9.7085835
1705722483.407418,0.22707019676015763,0.0433978770497738,-0.9140626197888724,0.33323456770806265,-0.0494019091129303,0.14977139234542847,-0.05769631639122965,-2.53992235,-0.1274864499999988,9.65955025
1705722483.6564405,0.23925845940306442,0.055549984065353164,-0.9106263951858735,0.33230882814814355,-0.05993654206395149,0.10427539795637131,0.011407664045691478,-2.7262487,-0.09806649999999882,9.62032365
1705722483.9074712,0.24528682842262284,0.06534845381531963,-0.9065731773312434,0.3371780323951306,-0.07112960517406464,0.05966512486338616,0.03764820471405982,-2.95180165,-0.03922659999999883,9.56148375
1705722484.1574988,0.24710539846277493,0.07436318728464336,-0.9031316708807066,0.34316500911317477,-0.07072200626134872,0.018597086891531948,0.028793262317776677,-3.20677455,0.009806650000001159,9.463417250000001
1705722484.407538,0.2458406699340711,0.08148499878277289,-0.9014299414759177,0.34691010448019843,-0.03848537802696228,0.004577158484607936,0.0048297704197466365,-3.4519408,0.06864655000000114,9.3359308
1705722484.6575606,0.24543057197405976,0.08302139633403312,-0.9015280103009983,0.34658120077978305,-0.00382776721380651,-0.0015199691988527794,-0.01604427769780159,-3.6873004,0.10787315000000114,9.1986377
1705722484.9076025,0.24477855999918244,0.08415298789652687,-0.902492675352915,0.3442509290142172,-0.0030680885538458824,0.000355216674506661,-0.026767928153276443,-3.89324005,0.11767980000000111,9.07115125
1705722485.1576195,0.24408643793809368,0.08598412727211305,-0.9035581547768148,0.34148382334784777,-0.00873544905334711,0.0006250301375985113,-0.026995662599802017,-4.0795664,0.1078731500000011,8.9632781
1705722485.4076562,0.24348047208253273,0.08761879278404598,-0.9043928893641848,0.3392841118193346,-0.00690219271928072,0.00021106237545609255,-0.018010355532169342,-4.22666615,0.09806650000000108,8.8848249
1705722485.6566865,0.24297074031013163,0.08900669395579128,-0.9047681323357029,0.3382863498487201,-0.00797950942069292,3.7211691960691606e-05,-0.006538162473589182,-4.3541526,0.08825985000000108,8.8063717
1705722485.9067166,0.2422962136025539,0.0898447823471864,-0.9047357590552201,0.3386350044600043,-0.008829722180962563,-0.012443248182535172,0.005002929363399746,-4.4522191,0.07845320000000107,8.7475318
1705722486.1577427,0.24063467319785803,0.09007021663340849,-0.9046057357331868,0.3401040620298303,-0.00631462037563324,0.012070828117430212,0.011282807216048239,-4.54047895,0.07845320000000107,8.7083052
1705722486.4077878,0.24201091406652744,0.09127280371799135,-0.903560088768701,0.3415833115924111,-0.01076729316264391,0.007415377534925939,0.011135412380099295,-4.6091255,0.07845320000000107,8.65927195
1705722486.657814,0.24193902449757765,0.09192470162700685,-0.9030612117166941,0.3427766117294502,-0.003230036236345768,-0.0016869327519088977,0.0056955162435770035,-4.6483521,0.08825985000000107,8.63965865
1705722486.9078557,0.24163814370042283,0.09222641725450942,-0.902966551080981,0.34315696568528087,-0.0028979729395359755,-0.001223030034452677,-0.0010704980231821535,-4.69738535,0.08825985000000107,8.62004535
1705722487.1578782,0.2413043740868571,0.09246247052245146,-0.9031393340928647,0.3428734953386334,-0.0012624457012861967,0.003633792046457528,-0.005545253865420819,-4.73661195,0.08825985000000104,8.60043205
1705722487.407918,0.2415715485330119,0.09250268637130435,-0.9034244084724921,0.34192218139451336,0.0023783929646015167,-0.0016292857471853505,-0.009142417460680008,-4.7660319,0.07845320000000104,8.58081875
1705722487.6579473,0.241626916040874,0.09244542626242228,-0.9037713746487062,0.3409803205073917,0.002294166013598442,0.00027353409677743836,-0.006057349033653736,-4.7856452,0.06864655000000104,8.56120545
1705722487.9069772,0.24169876740212087,0.09216086836667166,-0.903949799452527,0.34053317055454757,0.005447114817798138,-0.004003449343144894,-0.0013249674811959262,-4.81506515,0.05883990000000105,8.5513988
1705722488.1580026,0.24086246019873075,0.09090657232189982,-0.9042752924608705,0.3405986873440728,0.009911788627505302,-0.005114223808050156,0.002767468104138971,-4.8248718,0.04903325000000105,8.54159215
1705722488.4080417,0.240848648554104,0.08989322651432903,-0.9042577626402494,0.34092379650202725,0.006369969807565212,-0.000754007371142506,0.005219259299337864,-4.8444851,0.03922660000000105,8.5317855
1705722488.6580632,0.24121843780326083,0.08945491663469235,-0.9039687943195875,0.34154341166245017,0.0005394229665398598,0.007943362928926945,0.006375827826559543,-4.85429175,0.03922660000000105,8.5317855
1705722488.9081037,0.2412278234565087,0.08887048221596275,-0.9038131291183784,0.3421008655563199,0.002772300271317363,-0.013582069426774979,0.004448296502232553,-4.85429175,0.03922660000000105,8.52197885
1705722489.1581292,0.23562918895503163,0.08678189949791247,-0.9051529324437013,0.342995562829166,-0.004394128452986479,-0.0817098617553711,0.0009113677078858118,-4.8640984,0.03922660000000105,8.52197885
1705722489.4081635,0.22536938634979772,0.08302867550932838,-0.9077617284993196,0.34392371684925954,0.00024747010320425034,-0.09592604637145996,-0.0021440822165459277,-4.903325,0.04903325000000105,8.52197885
1705722489.6581945,0.2138951181822117,0.07867694814649323,-0.91066456361991,0.3445995775028321,-0.00185194646473974,-0.10512371361255646,-0.003787974826991545,-4.9229383,0.04903325000000105,8.5121722
1705722489.9072342,0.20082979381727678,0.0738024857557797,-0.9137876219015273,0.3452720218481793,0.0023681181482970715,-0.11582525819540024,-0.003810816444456563,-4.91313165,0.03922660000000105,8.52197885
1705722490.1582563,0.18551872128623545,0.06798836296020391,-0.9171499021329372,0.3461162284144671,0.00028725084848701954,-0.15229319036006927,-0.0025556171312928013,-4.85429175,0.03922660000000105,8.5513988
1705722490.4082973,0.17303136711208447,0.05992404372346283,-0.9200343260841518,0.3464189570534963,0.052525557577610016,-0.09214473515748978,-0.0006688644643872864,-4.7660319,0.039226600000001055,8.629852
1705722490.65832,0.16591511025912764,0.048184829143120375,-0.9223535233488381,0.3455638528465239,0.07623092085123062,-0.0959947258234024,-0.0015995271969586494,-4.6287388,0.02941995000000107,8.7083052
1705722490.908356,0.15756564987279792,0.035160307861924776,-0.925011030328115,0.3439351864850945,0.07594157010316849,-0.11562994122505188,-0.011476627551019178,-4.4522191,0.02941995000000108,8.8063717
1705722491.1583862,0.14709370679918607,0.020884024141525764,-0.9285311772913767,0.34023102702960695,0.08433862775564194,-0.1282052993774414,-0.03401367366313933,-4.2756994,0.029419950000001093,8.91424485
1705722491.408415,0.13600236686244457,0.005888919655425056,-0.9330581211796669,0.33297330123265884,0.09583625942468643,-0.12551431357860565,-0.0673554018139839,-4.08937305,0.039226600000001104,9.03192465
1705722491.6584456,0.12901952722348622,-0.00774012358506696,-0.9381998218610215,0.321053183042722,0.09758861362934113,-0.05082332342863084,-0.10839115083217621,-3.8834334,0.039226600000001124,9.1397978
1705722491.9074905,0.13018399430802366,-0.01867429000141334,-0.9436125383250918,0.30380713624704153,0.10640054941177368,-0.019567804411053675,-0.15413233637809753,-3.65788045,0.03922660000000113,9.2378643
1705722492.1575105,0.13375795678498442,-0.029135984824076668,-0.9499229938737865,0.2809024903679198,0.11040125042200089,-0.007164650596678281,-0.19909711182117462,-3.4421341500000002,0.02941995000000114,9.32612415
1705722492.408547,0.13894846479413328,-0.039219045528604404,-0.9567212526238471,0.25266506560471635,0.12170175462961197,0.01824055612087247,-0.23737786710262299,-3.26561445,0.01961330000000115,9.3947707
1705722492.658583,0.14748185024901866,-0.048149050093144775,-0.9630108487121577,0.22031994481876532,0.12455394119024277,0.03804990649223324,-0.2667563855648041,-3.1185147,1.157733396167549e-15,9.4536106
1705722492.908614,0.15512693167676256,-0.05577653512783636,-0.9687910313561903,0.18511766734024948,0.09617707878351212,-0.0030186860822141517,-0.28416958451271057,-3.01064155,-0.009806649999998838,9.48303055
1705722493.158641,0.16005316815905618,-0.05856157815867905,-0.9740049178317145,0.14922447843919262,0.05212286487221718,0.05039142072200772,-0.2846672534942627,-2.941995,-0.039226599999998835,9.52225715
1705722493.4086838,0.17277832078151018,-0.05569286948020282,-0.9766050249402081,0.11527610948725704,0.025316942483186722,0.10423821210861203,-0.26851651072502136,-2.91257505,-0.049033249999998835,9.52225715
1705722493.6587026,0.1882132955026543,-0.05094736990670743,-0.9771192265724467,0.08495962545870246,0.013885228894650936,0.11737433075904843,-0.23566637933254245,-2.89296175,-0.06864654999999883,9.50264385
1705722493.9087417,0.2044123305474791,-0.04575755141217216,-0.9759854343198395,0.05978526243502548,0.0030755293555557728,0.1258796453475952,-0.18998475372791293,-2.9223817,-0.07845319999999885,9.4928372
1705722494.1577678,0.22158844596798843,-0.03997262177414573,-0.9734589630493233,0.04096824844839227,-0.010247795842587948,0.13967414200305936,-0.13939234614372256,-2.99102825,-0.07845319999999885,9.463417250000001
1705722494.4088006,0.23568030997057215,-0.03390013615683287,-0.9708246625184598,0.028373348527129374,-0.024790214374661446,0.08406334370374678,-0.0917850285768509,-3.08909475,-0.07845319999999885,9.4339973
1705722494.658834,0.24384697738987338,-0.027978268619132118,-0.9691791783048669,0.021156286139145844,-0.032795242965221405,0.06047701463103294,-0.05326038971543313,-3.24600115,-0.05883989999999885,9.40457735
1705722494.9088686,0.25173160999173905,-0.021747666241930513,-0.9673829562659095,0.01812323012671925,-0.04371022805571556,0.07408783584833145,-0.027300944551825534,-3.42252085,-0.03922659999999886,9.3163175
1705722495.1588922,0.2574731004571884,-0.015260044619780585,-0.9660052466309268,0.017566930884117333,-0.04880337417125702,0.021706443279981613,-0.013559706509113315,-3.5990405500000002,1.1301111263419746e-15,9.22805765
1705722495.4089365,0.25863468416689983,-0.00831607738435591,-0.9657674861415031,0.018223767852640866,-0.05749133229255676,0.003804568899795412,-0.007848293520510197,-3.7853669,0.01961330000000112,9.14960445
1705722495.658955,0.2590952900728183,-0.0027737457465267477,-0.9656618376178402,0.018951315657538065,-0.021538864821195602,0.002035191282629966,-0.005506426561623812,-3.97169325,0.049033250000001104,9.0417313
1705722495.9089928,0.2590030835610111,-0.0018128361424039304,-0.9656901451620667,0.01888544063227972,-0.0022060393821448088,-0.001015107147395611,-0.0012008782941848037,-4.1384063,0.0686465500000011,8.9436648
1705722496.1580167,0.2588902725242779,-0.0015314363894126067,-0.9657142002150504,0.019224073394998004,-0.0037460126914083958,-0.0009008049964904782,0.0029918679501861334,-4.2756994,0.06864655000000108,8.85540495
1705722496.4090471,0.2587765937139881,-0.0006369658730349079,-0.9657306799516499,0.01996303134260909,-0.013429069891571999,-0.0006060041487216945,0.0031192644964903593,-4.3933792,0.07845320000000108,8.7867584
1705722496.6590745,0.2587466071848032,0.0008359993907766685,-0.9657212112888298,0.02078548633559509,-0.013279013335704803,-0.00012658792547881582,0.0018168605165556073,-4.4914457,0.08825985000000107,8.73772515
1705722496.9091105,0.25872596219508326,0.0024940955346355077,-0.965711626197248,0.021347388626226,-0.01360942330211401,0.0003726673312485217,-0.0009270422160625458,-4.56009225,0.08825985000000107,8.6886919
1705722497.159133,0.2586773345006329,0.003869471974168013,-0.9657178734147924,0.021448840749548632,-0.007469482254236937,-0.0015685313846915965,-0.003826154861599207,-4.6287388,0.08825985000000107,8.6494653
1705722497.4091747,0.25861594325463244,0.004826449596817387,-0.9657385265192259,0.02106175859896216,-0.005102657712996006,-0.003925109282135964,-0.006630460731685161,-4.67777205,0.08825985000000107,8.629852
1705722497.6591988,0.25868942022926267,0.005555892555158596,-0.9657319430843228,0.020266475419817593,-0.002524525625631213,0.0013224181020632375,-0.008165662176907063,-4.7268053,0.08825985000000107,8.6102387
1705722497.909232,0.25875929578209783,0.005803420510899358,-0.9657261088418281,0.019571148610850315,-0.00022211438044905663,0.0006208138074725861,-0.004119164310395718,-4.75622525,0.07845320000000104,8.58081875
1705722498.1582599,0.2588154436916654,0.005832449034361396,-0.9657145982424606,0.019387196454113704,-0.0010552313178777695,0.00030525890178978443,7.405108772218223e-05,-4.7856452,0.06864655000000104,8.56120545
1705722498.4082906,0.2588469394420444,0.005626038270027615,-0.965703694432342,0.019569981977424062,0.0031793511006981134,0.00011648889631032979,0.002856836188584566,-4.8052585,0.05883990000000105,8.56120545
1705722498.6593149,0.2586060156480865,0.005347458862280666,-0.965760689857402,0.020015575947066395,0.0013261055573821068,0.002116643358021975,0.003967717289924622,-4.8248718,0.05883990000000105,8.54159215
1705722498.9093575,0.25862860672128807,0.004921042938411533,-0.9657485201444254,0.020416242569491667,0.0041844830848276615,0.001846641302108765,0.0032374095171689983,-4.8444851,0.05883990000000105,8.5317855
1705722499.1593704,0.2586326295349408,0.004562222515886175,-0.965744185506979,0.02065229345663912,0.0022336633410304785,0.0017713712295517328,0.0015723444521427152,-4.85429175,0.04903325000000105,8.5317855
1705722499.409401,0.25861416186348907,0.0042980990581464075,-0.9657501253237455,0.020662455451894286,0.0018901634030044079,-0.00048355362378060823,-0.000646294094622135,-4.8640984,0.04903325000000105,8.52197885
1705722499.6594322,0.25860154106818,0.004160520828351864,-0.9657587605253284,0.020443813053848587,0.0023866575211286545,0.0023707372602075334,-0.0019772641826421027,-4.87390505,0.04903325000000105,8.52197885
1705722499.9094646,0.25855703804246666,0.00403566309042586,-0.9657770403778059,0.0201663031121966,0.0014811265282332897,-0.004762234631925821,-0.0018420412670820945,-4.87390505,0.04903325000000105,8.5121722
1705722500.159486,0.25320863854709685,0.0037336319886093245,-0.9671984264378009,0.019966202782227563,0.0007563144899904728,-0.07331782579421997,-0.0010190228931605727,-4.8837117,0.03922660000000105,8.5121722
1705722500.408526,0.24287652332540238,0.003225737519820197,-0.969847430351823,0.01991358518159221,0.0013441885821521282,-0.09031719714403152,0.00032234657555819664,-4.91313165,0.03922660000000105,8.52197885
1705722500.6595552,0.22975049132500142,0.002720470652957514,-0.9730390560918836,0.020057569522834565,0.002726941369473934,-0.11237672716379166,0.0015664414968341726,-4.9425516,0.03922660000000105,8.50236555
1705722500.9095886,0.21533378669815267,0.0023282297068489737,-0.976325729034395,0.02034724743359513,0.002149870852008462,-0.12781788408756256,0.0021079131402075447,-4.9425516,0.03922660000000105,8.5121722
1705722501.1596177,0.19843594383215585,0.00200674169439644,-0.9798937946520598,0.02067124538097799,-0.0022988251876085997,-0.14289933443069458,0.0016221273690462288,-4.89351835,0.03922660000000105,8.54159215
1705722501.4096525,0.17858125971206973,0.0016880810550353917,-0.983701500372677,0.020910337791300037,0.0007347580976784229,-0.174351304769516,0.00042416923679413547,-4.8052585,0.039226600000001055,8.6102387
1705722501.6596818,0.1551339771635693,0.0013824155685291989,-0.9876690264785895,0.02101028775253545,-0.0011606230400502682,-0.19959935545921326,-0.0009542549960314984,-4.67777205,0.03922660000000106,8.69849855
1705722501.9097273,0.1291528554321495,0.0009612447990071295,-0.9914025177974538,0.0209681579312015,-0.005375619977712631,-0.2257697880268097,-0.0019845296628772935,-4.50125235,0.03922660000000108,8.83579165
1705722502.159747,0.09963775093400656,0.0007864507501228522,-0.9948036177737523,0.02091559581471914,-0.006353946402668953,-0.25250884890556335,-0.0023356243036687066,-4.26589275,0.0392266000000011,8.99269805
1705722502.4087853,0.06716951118757575,0.0006680491426643412,-0.997522954599557,0.02087499758407885,-0.004462154116481543,-0.2596956491470337,-0.002349701011553375,-3.9814999,0.039226600000001124,9.16921775
1705722502.6598089,0.03873466627788941,0.00028100924243286635,-0.999031807474863,0.020856517342406403,-3.973138518631458e-05,-0.19795450568199158,-0.001834737369790649,-3.6284605,0.03922660000000115,9.38496405
1705722502.9098415,0.015887020201053592,0.0003306387219269782,-0.9996549142556104,0.020917592399099127,-0.005111778154969215,-0.1821693629026413,-0.001252010930329539,-3.2165812000000003,0.029419950000001173,9.5712904
1705722503.1598704,-0.007314226354348196,0.0004412038282677932,-0.9997523669709272,0.021012190938780095,-0.007970061153173447,-0.18935643136501312,-0.0012370347976684338,-2.8047019,0.029419950000001194,9.7281968
1705722503.409904,-0.02961437932685425,0.00030795805962923487,-0.9993383751871916,0.02111174026797796,-0.0038371984846889973,-0.1765013337135315,-0.0012270247098058245,-2.40262925,0.029419950000001208,9.8654899
1705722503.659932,-0.05145114331043468,9.888969922188525e-05,-0.99845030117652,0.021207690901963668,-0.0019050794653594494,-0.16897821426391602,-0.0015575473662465605,-2.01036325,0.019613300000001218,9.97336305
1705722503.9099784,-0.07119989320334433,-4.506476548773453e-05,-0.9972363423950016,0.02121910892658507,-0.0059247929602861404,-0.14236854016780853,-0.0021025415044277733,-1.63771055,0.019613300000001232,10.05181625
1705722504.1600006,-0.08186373719109805,-0.00014306618307445012,-0.9964197211588897,0.02111983311521692,-0.0008337956387549639,-0.0379854217171669,-0.0026078503578901243,-1.28467115,0.009806650000001239,10.11065615
1705722504.4090388,-0.08306382477380995,-0.00018779869670238763,-0.9963229284372229,0.02099971466167488,0.0013214361388236284,0.0036255586892366405,-0.002971213543787599,-0.9610517000000001,0.009806650000001239,10.11065615
1705722504.6590655,-0.08139373364165584,-0.00024402525307056088,-0.9964636278300012,0.02086238211278429,0.0002181271556764841,0.022665387019515038,-0.002717186231166127,-0.7060788,1.2321934278712709e-15,10.0616229
1705722504.9101074,-0.07691958345768299,-0.0003604499398993322,-0.9968211003332124,0.020759135025842753,0.0011251505929976702,0.04413938894867897,-0.0018831863999366814,-0.4903325,1.2273895548581276e-15,10.0223963
1705722505.160132,-0.07008625973997137,-0.000346649194493219,-0.9973261768980632,0.02069523867680872,0.001077901804819703,0.06378877907991409,-0.0015563592314720232,-0.32361945000000003,1.2213847135916984e-15,9.97336305
1705722505.4101677,-0.06101624300705072,-0.0004548600536302176,-0.9979221456878934,0.02069305045919689,0.0021674013696610928,0.07796363532543182,-0.0009230056311935282,-0.18632635,1.2153798723252691e-15,9.9243298
1705722505.6601985,-0.04972780402522533,-0.000511902752942489,-0.9985478031678529,0.02071637639779544,0.005170843098312616,0.09775735437870026,-0.00040125241503120667,-0.08825985,1.2117769675654117e-15,9.89490985
1705722505.910227,-0.03715681558654017,-0.0006664222087622656,-0.9990934779833792,0.020764132247276853,0.0002843912225216627,0.10799666494131088,-0.0003451781813055409,-0.00980665,1.2069730945522684e-15,9.85568325
1705722506.1602526,-0.02327390097198235,-0.0005299578841426625,-0.9995121765372414,0.020819549274025406,0.0040160054340958595,0.1146659106016159,-2.3153610527529455e-05,0.02941995,1.2045711580456967e-15,9.83606995
1705722506.4102957,-0.009038903751894327,-0.0006443728577900882,-0.9997400594538965,0.020921197998762964,0.004130034241825342,0.10810625553131104,0.000760776689276086,0.0588399,1.2033701897924109e-15,9.8262633
1705722506.659316,0.0038753259048195216,-0.0017668529898215474,-0.9997680634115593,0.02111112175949137,0.029416758567094803,0.08254216611385345,0.0007324346806853909,0.0784532,-0.009806649999998798,9.81645665
1705722506.910346,0.007167998749815266,-0.004647947754147296,-0.9997390488169531,0.02118609558581458,-0.0065395585261285305,0.00933114904910326,9.694229811429864e-05,0.0784532,-0.0098066499999988,9.80665
1705722507.1603677,0.008487756994019957,-0.00162424439285271,-0.9997358772654351,0.021295434244775868,-0.01624792069196701,0.006458468735218048,3.4493859857312874e-06,0.0588399,1.2009682532858392e-15,9.80665
1705722507.410408,0.007518043484524476,-0.004801351572148419,-0.9997332444314817,0.02130413161216832,0.08259624987840652,-0.032563719898462296,-0.0012235180474817714,0.04903325,1.202169221539125e-15,9.81645665
1705722507.6604352,0.0012051473197290511,-0.021850243153142487,-0.9995389687574308,0.021046720158214294,0.14410319924354553,-0.05918534845113754,-0.002112385584041469,0.02941995,1.202169221539125e-15,9.81645665
1705722507.9104695,-0.004844138794857508,-0.03697871846386056,-0.9990901246001644,0.020688925214585707,0.1125810369849205,-0.045540060847997665,-0.0031423068139702025,0.02941995,1.202169221539125e-15,9.81645665
1705722508.1604989,-0.010340401123530388,-0.05063458640310276,-0.9984563550293979,0.020349984417694866,0.10818585008382797,-0.05035697668790817,-0.002400567987933749,0.0196133,0.029419950000001208,9.8458766
1705722508.4105327,-0.016098078389208275,-0.06429716933326615,-0.9975978505925023,0.02013093095521623,0.11123007535934448,-0.0487823560833931,-0.0017938730306923329,0.02941995,0.07845320000000121,9.85568325
1705722508.6595569,-0.021561839987263215,-0.07805228315818728,-0.9965147395633887,0.02003252313288123,0.11333800107240677,-0.048137564212083817,-0.0011987304314970912,0.04903325,0.1470997500000012,9.8654899
1705722508.9105947,-0.027156441279645192,-0.09248197045082944,-0.9951436239889214,0.019969488545110603,0.1170894205570221,-0.04846128448843956,-0.001143853645771736,0.06864655,0.23535960000000122,9.89490985
1705722509.1606152,-0.03260401436163371,-0.10748820005837359,-0.9934720943828663,0.019911373087727387,0.13005658984184265,-0.04747290536761284,-0.0013671312481164874,0.08825985,0.33342610000000117,9.9243298
1705722509.410655,-0.03806651679211799,-0.12372435756261499,-0.9913875514182641,0.019848086505558134,0.13129296898841858,-0.045416928827762604,-0.001429691677913064,0.12748645,0.4609125500000012,9.95374975
1705722509.6606822,-0.043827535749108734,-0.14120119213422924,-0.988812806415715,0.0197637121591771,0.14442884922027588,-0.05031396448612213,-0.0019130401778966128,0.16671305,0.6178189500000013,9.9831697
1705722509.9107158,-0.048930383109471516,-0.1580260723813084,-0.9860253546105074,0.019687003878724848,0.11046531796455383,-0.03384321928024292,-0.002110711298882957,0.20593965,0.7943386500000013,10.002783
1705722510.1607442,-0.05144560930824617,-0.1683205215572383,-0.9841918039700108,0.019698840165307038,0.07910973578691483,-0.022445697337388992,-0.0021018676925450537,0.26477955,0.9904716500000013,10.01258965
1705722510.4107776,-0.053919881683262456,-0.17842021646227066,-0.9822784468005981,0.019695828690964087,0.08605878800153732,-0.023022159934043884,-0.0020415408071130484,0.3138128,1.2258312500000013,9.9831697
1705722510.659801,-0.056366559842499636,-0.18991188968829825,-0.9799817285014383,0.01980143656088495,0.0993051677942276,-0.02429402805864811,-0.0016338354907929867,0.3726527,1.461190850000001,9.93413645
1705722510.9098482,-0.05884441423552296,-0.20256347776339073,-0.9772959396965014,0.01995040456759711,0.10147291421890259,-0.02421017736196518,-0.001460913335904476,0.4314926,1.696550450000001,9.89490985
1705722511.1608684,-0.06142759376822471,-0.21501627128167372,-0.9744700611342103,0.02006872594511366,0.10955823212862015,-0.02592269331216812,-0.001273623667657372,0.50013915,1.941716700000001,9.8458766
1705722511.4109073,-0.06382181592078709,-0.22778724507657272,-0.9714055084339847,0.020275230630265147,0.09101173281669617,-0.01660357043147087,-0.0007637329399585703,0.55897905,2.1966896000000014,9.7870367
1705722511.6609306,-0.06449694367029886,-0.23489061671904268,-0.9696606990316523,0.020607551722255254,0.035032156854867935,0.003918967675417662,-0.00030192756094038535,0.61781895,2.451662500000001,9.7281968
1705722511.910962,-0.06381770443340049,-0.23821828251395788,-0.9688837814249873,0.021061067602776814,0.02641914412379265,0.001766543835401535,-0.00021688127890229247,0.6864655,2.7164420500000013,9.6301303
1705722512.16099,-0.06302610216678549,-0.24127930712597878,-0.9681686413325663,0.02148227964444632,0.032291337847709656,0.0013137984788045287,-0.0005998960696160794,0.7453054,2.9812216000000014,9.50264385
1705722512.4110236,-0.06224546463541812,-0.24449046522092116,-0.9674054168503754,0.021832865064615955,0.022942660376429558,0.006283499300479889,-0.00111481104977429,0.8041453000000001,3.216581200000001,9.3751574
1705722512.6610503,-0.06125432307265291,-0.24658846931076966,-0.9669295296662865,0.022120564351221946,0.013001762330532074,0.0058718491345644,-0.0010900893248617656,0.85317855,3.4323275000000013,9.26728425
1705722512.910095,-0.060160986327677815,-0.24809354496517774,-0.9666054437836296,0.022453612594519886,0.011036334559321404,0.008554126136004925,-0.00041734590195119484,0.9022118,3.628460500000001,9.1594111
1705722513.1611128,-0.058797618903908375,-0.24721327672572196,-0.9669086652903274,0.022717147889641905,-0.009435179643332958,0.010946588590741158,-0.0005383051466196788,0.9414384,3.7951735500000012,9.05153795
1705722513.4111483,-0.05721855118347503,-0.24601488266896407,-0.9673015439127811,0.023031240734924737,-0.015092005021870136,0.01179254800081253,-0.0002716563176363721,0.97085835,3.9520799500000012,8.9828914
1705722513.661178,-0.055120014290597735,-0.243123914188852,-0.9681449325952374,0.023408029909828428,-0.01901226118206978,0.01615823619067669,-0.00010158633813262184,1.0002783,4.079566400000001,8.89463155
1705722513.9112134,-0.052721689593379945,-0.23876308594058565,-0.9693535526103421,0.023797106552189525,-0.04474121332168579,0.023383531719446182,0.00010692258365452004,1.02969825,4.197246200000001,8.825985
1705722514.1612375,-0.0506292651369899,-0.23478184354857284,-0.9704282875617583,0.02414750818563049,-0.008302861824631691,0.0073881447315216064,0.0002054758369922629,1.04931155,4.285506050000001,8.77695175
1705722514.411275,-0.05079492878414066,-0.23665072019284955,-0.9699638767105567,0.024215485100398945,0.02369401976466179,-0.005601627752184868,0.0001563706900924451,1.0591182,4.334539300000001,8.73772515
1705722514.6612968,-0.05141622598325317,-0.23849945975233694,-0.9694789846874909,0.024184243895439324,0.008248159661889076,-0.003454579971730709,0.0001300945878028874,1.0591182,4.344345950000001,8.71811185
1705722514.9103322,-0.051761275985379177,-0.2394706729922795,-0.9692213744524254,0.02417631877564524,0.015281724743545055,-0.0024550058878958225,0.0002691617701202634,1.0591182,4.354152600000001,8.7279185
1705722515.1613615,-0.051623448002510244,-0.23953656628509504,-0.969210718870946,0.02424531819429576,-0.010440323501825333,0.005013161338865757,0.0001386988442391151,1.06892485,4.383572550000001,8.71811185
1705722515.4113894,-0.05167899289609945,-0.2396540392770583,-0.969178167683366,0.024267312116270364,0.001898390706628561,-0.00029343366622924805,1.0114163160324132e-05,1.06892485,4.403185850000001,8.7083052
1705722515.6614158,-0.05164388478070278,-0.2397464409603679,-0.9691565283260388,0.02429355500157043,0.0007917708717286587,0.00174893147777766,-0.0001954687759280207,1.06892485,4.422799150000001,8.6886919
1705722515.9114542,-0.05080374602725861,-0.23664283085851828,-0.9699624341151523,0.024331592596323,-0.06566539406776428,0.02329050935804844,-0.0007316786795854597,1.06892485,4.442412450000001,8.67888525
1705722516.161475,-0.04707466824543696,-0.22577448054799037,-0.9727281630425767,0.024693731323591425,-0.10457683354616165,0.03799831494688988,-0.0006891970988363074,1.0787315,4.471832400000001,8.6886919
1705722516.4115162,-0.04316630209652232,-0.21449840510434498,-0.9754471370335372,0.025099550276448054,-0.09073503315448761,0.033011604100465775,-0.0005484072025865357,1.08853815,4.511059000000001,8.6690786
1705722516.6615407,-0.039259759438199746,-0.20234923983659675,-0.9781938073984722,0.025501599826027396,-0.1095127984881401,0.037362005561590195,-2.0330306142573162e-05,1.0787315,4.511059000000001,8.65927195
1705722516.9105744,-0.03439297827628726,-0.18754211285628283,-0.9813085327174482,0.026050769021607297,-0.1293402761220932,0.045540545135736465,0.00013987487182020583,1.06892485,4.462025750000001,8.6886919
1705722517.161604,-0.029119280411603984,-0.1704474044728394,-0.9845768920958807,0.026610023818082137,-0.15055729448795319,0.050206445157527924,3.853137604891639e-05,1.0591182,4.393379200000001,8.7475318
1705722517.4116325,-0.02313020883484855,-0.14968114196512916,-0.9880907223755604,0.027152781342141274,-0.1702338010072708,0.05092591419816017,-0.0004065323155373397,1.02969825,4.285506050000001,8.825985
1705722517.661662,-0.016576249943555874,-0.1266581286161192,-0.9914211739967029,0.027694803560788184,-0.19837743043899536,0.06231413409113884,-0.0005249448586255388,0.99047165,4.1384063000000015,8.924051500000001
1705722517.9117024,-0.009283262739457303,-0.10071852148178026,-0.9944700016583738,0.028266875756411625,-0.2202107012271881,0.06733115017414093,-0.00042581860907376637,0.95124505,3.942273300000001,9.07115125
1705722518.1617227,-0.0015499374496052102,-0.07119910483710726,-0.9970438910444261,0.02884032758634386,-0.24735312163829803,0.0714181512594223,-0.0006418132688850252,0.89240515,3.697107050000001,9.218251
1705722518.4117627,0.005724245666254768,-0.04179655191507705,-0.9986784622276412,0.029353199862984902,-0.19811813533306122,0.0506720095872879,-0.0007152445614337983,0.8237586,3.402907550000001,9.3947707
1705722518.661787,0.009811244533837164,-0.020554920347641278,-0.9993006966222197,0.02965387766458033,-0.15918193757534027,0.0314859040081501,-0.0009565623477101365,0.7453054,3.0498681500000013,9.5909037
1705722518.9118207,0.013540071503691796,3.302991787276651e-05,-0.9994607398964663,0.029914791964976428,-0.16576598584651947,0.03881189972162247,-0.0008538237307220745,0.6668522,2.677215450000001,9.73800345
1705722519.160849,0.017324727663569933,0.020593082884398716,-0.9991826712984605,0.030162362731924908,-0.16065724194049835,0.035291705280542374,-0.0007964666001498743,0.57859235,2.3143694000000012,9.85568325
1705722519.411883,0.020988485002707526,0.041146444345074626,-0.9984699775524432,0.030399959563663648,-0.1588217169046402,0.03437059372663498,-0.0008672347757965369,0.50013915,1.9613300000000011,9.95374975
1705722519.6619072,0.024351712418097256,0.05974408548909584,-0.9974471200076988,0.03060851417049143,-0.14442788064479828,0.03099469281733036,-0.0008110988419503012,0.42168595,1.6082906000000012,10.03220295
1705722519.9119518,0.02678849040776416,0.07400734936131942,-0.9964236059776788,0.03074551142238946,-0.0704045444726944,0.010911469347774982,-0.0006434749811887754,0.34323275,1.2944778000000012,10.0812362
1705722520.1619709,0.02608721006470339,0.07707552464771962,-0.9962039804093568,0.03092653210227142,1.5122583135962486e-05,-0.015253681689500809,4.679569974541851e-05,0.2745862,0.9904716500000013,10.11065615
1705722520.4120095,0.02416291716951272,0.07598800012079576,-0.9963308745195179,0.031092856907553035,0.012454414740204811,-0.016080491244792938,-0.00020973966456949513,0.20593965,0.7354987500000013,10.07142955
1705722520.6620326,0.022081658979831432,0.07282782874612954,-0.9966113346181503,0.03121466654398214,0.034186091274023056,-0.02008058875799179,-0.0003134363796561932,0.1569064,0.5295591000000013,10.03220295
1705722520.9120638,0.019714811660122487,0.06727924618417773,-0.9970494250756436,0.0312613689787154,0.055231306701898575,-0.02056071162223816,-0.0005453433841466879,0.10787315,0.36284605000000125,9.9831697
1705722521.1610909,0.016952039720529312,0.05930095649016736,-0.9976064442067263,0.031263515251436724,0.07049839198589325,-0.027211682870984077,-0.000617398880422112,0.06864655,0.22555295000000122,9.95374975
1705722521.4121244,0.013875439922184733,0.04960225125607467,-0.9981835160396741,0.031253114148331096,0.08330629765987396,-0.026274986565113068,-0.00040561542846262135,0.0392266,0.11767980000000122,9.9047165
1705722521.6621518,0.010289932397763433,0.03833188570547145,-0.9987232268724638,0.031252198882078586,0.09293197095394135,-0.033215854316949844,-0.0005160605069249827,0.00980665,0.03922660000000121,9.87529655
1705722521.9121954,0.006572763402182654,0.0258805319678159,-0.9991558025554941,0.031219850512267167,0.10738081485033035,-0.033379506319761276,-0.00024532922543584894,0.0,-0.009806649999998793,9.85568325
1705722522.1622126,0.0026729293690153635,0.012437489781455603,-0.9994311257600699,0.031234422653280858,0.11236155033111572,-0.03660663589835167,-7.214513607322721e-05,-0.00980665,-0.0490332499999988,9.83606995
1705722522.412249,-0.0008193630502480292,0.0009573722519546489,-0.9995097119470502,0.031284945358554084,0.05548154562711716,-0.017810944467782974,0.00011579040437937001,-0.0196133,-0.0686465499999988,9.8262633
1705722522.6622791,-0.0013421961753847522,-0.0010833952528458378,-0.9995096281543785,0.03126544403728976,-0.0016582735115662217,0.002129882574081421,-0.0004774876870214942,-0.0196133,-0.0686465499999988,9.8262633
1705722522.9123085,-0.001041602536611079,-0.0010209812918812906,-0.9995111865866197,0.031229161845374553,0.0030846695881336927,-0.0007544397376477718,-0.00017406325787305824,-0.0196133,-0.0686465499999988,9.81645665
1705722523.1613348,-0.0011140619058921885,-0.001418542639421486,-0.9995092154444398,0.0312741881507812,0.005375532433390617,-0.003906852100044489,0.0003584458027035003,-0.0196133,-0.0588398999999988,9.81645665
1705722523.412372,-0.0013055759570045652,-0.0019580752131123616,-0.9995053143000097,0.03136220813206869,0.0007615846116095781,-0.0007554965559393167,0.0003886974882334472,-0.0196133,-0.0588398999999988,9.81645665
1705722523.6624029,-0.0015103792118759496,-0.002424272033327828,-0.9995025528717356,0.03140841388271237,0.001234143041074276,-0.0008179019205272198,-7.096165791153898e-05,-0.0196133,-0.0490332499999988,9.81645665
1705722523.9124455,-0.0018075383999361949,-0.0026768895502447022,-0.9995000019383,0.031453349465626,0.0012015120591968298,-0.0017968595493584871,-0.00013764365576207616,-0.00980665,-0.0490332499999988,9.81645665
1705722524.1624627,-0.002018660786917527,-0.002771278371361993,-0.9994977511001379,0.03150381834924537,0.0012406727764755487,-0.0037641983944922686,-0.00015759584493935062,-0.00980665,-0.0392265999999988,9.81645665
1705722524.412496,-0.0022780817142006907,-0.002875523771477609,-0.9994958801976062,0.03153612491660418,0.0011837349738925695,0.0023325670044869184,-0.0004954035393893722,-0.00980665,-0.0392265999999988,9.81645665
1705722524.6625283,-0.002275091408302439,-0.002969465221950059,-0.9994959231993039,0.03152627068573538,0.0011871932074427605,0.0005429254379123448,-0.0011273755226284266,-0.00980665,-0.0294199499999988,9.80665
1705722524.9125671,-0.0024401805693319042,-0.0027058820737184018,-0.9994986499367785,0.031451112787136304,-0.0037806383334100246,-0.004299842286854982,-0.0015111221000552173,-0.00980665,-0.0196132999999988,9.80665
1705722525.1625862,-0.002448513362601568,-0.002276526761568227,-0.9995027689891861,0.0313534207251252,-0.00285728694871068,-0.0016224556602537634,-0.0012565646320581434,-0.00980665,-0.0196132999999988,9.80665
1705722525.4116232,-0.0022317639526185143,-0.002036853375810579,-0.9995053298704086,0.03130440893278652,-0.0030417058151215315,0.00032113096676766867,-0.0006110391113907099,0.0,-0.0196132999999988,9.81645665
1705722525.6626513,-0.002190792841865582,-0.0018591106714503593,-0.9995050855589858,0.03132615641855613,-0.001655034488067031,0.0033717078622430563,-0.0006041759625077252,0.0,-0.009806649999998798,9.81645665
1705722525.912686,-0.0020483370554220826,-0.0014806989843992396,-0.9995060894625607,0.031323936104591554,-0.0036303503438830376,-0.000806097174063325,-0.0008146425243467091,0.0,-0.009806649999998798,9.81645665
1705722526.1627102,-0.0018815578844161892,-0.0010998835416056074,-0.9995064324945865,0.03133913524760085,0.00037465733475983143,0.00098965666256845,-0.0005775769241154195,0.0,-0.009806649999998798,9.81645665
1705722526.4127462,-0.0017217720271980321,-0.0010055391468845926,-0.9995071117284569,0.03132982598656353,-0.0019771431107074022,0.00033246469683945174,-0.00040678353980183607,0.0,-0.0098066499999988,9.80665
1705722526.66277,-0.001545528224713382,-0.0008102499911833861,-0.9995059449522921,0.03138185530659904,-0.002506404649466276,-0.0019875227008014917,-0.0003137080930173395,0.0,1.2009682532858392e-15,9.80665
1705722526.9128082,-0.0015728642304144458,-0.0005827092986110253,-0.9995060828847857,0.03138115396696245,0.001609609927982092,-0.0007037576287984849,-0.0005986460018903016,0.0,1.2009682532858392e-15,9.80665
1705722527.162832,-0.0015072405428011365,-0.0005722126666564744,-0.9995066870097835,0.03136532195494146,-0.0005179469007998705,-0.0006806382443755866,-0.0006730239838361739,0.0,1.202169221539125e-15,9.81645665
1705722527.4118626,-0.001246386372838001,-0.0004293444704805181,-0.9995079363323383,0.03133923089365398,0.0019265450537204742,0.004668285138905048,-0.0006400048732757574,0.0,1.202169221539125e-15,9.81645665
1705722527.6628897,-0.0011382129393882718,-0.0004814439950116884,-0.9995088287923897,0.031314115811395205,-0.00027498649433255196,0.0012163338251411915,-0.0006279496010392905,0.0,1.1985663167792674e-15,9.7870367
1705722527.9129236,-0.0011032674226887922,-0.000540649291875516,-0.9995091943409384,0.03130273034841202,0.001425303751602769,0.00015455740503966803,-0.0005300440825521946,0.0,1.0964840152499712e-15,8.95347145
1705722528.1629462,-0.0010001152941612244,-0.00042920657477196934,-0.9995096547882187,0.031293218694318004,-0.0010040171910077333,0.00019558891654014582,-0.00033200765028595924,0.0,1.0712636819309685e-15,8.7475318
1705722528.41299,-0.0010559309841092779,-0.0005517089986671813,-0.9995090139193608,0.03130993006834559,0.002418038435280323,0.00031595141626894474,-9.031849913299088e-05,0.0,1.0640578724112535e-15,8.6886919
1705722528.6630135,-0.001008105051795576,-0.0004915718043615866,-0.9995081581375418,0.03133981330295921,-0.0013731785584241152,0.0003139073960483074,-0.00011932943016290669,0.0,1.0664598089178252e-15,8.7083052
1705722528.913051,-0.0010334423293708883,-0.00046909411675511017,-0.9995072539187124,0.0313681576050589,0.0006770803593099117,-0.002032439922913909,-8.764793165028071e-05,0.0,1.0724646501842543e-15,8.75733845
1705722529.163079,-0.0010513017226348106,-0.0005553288352797251,-0.9995068289659302,0.031379694470204,0.0016441605985164642,-0.00013524596579372886,-0.0002915558870881796,0.0,1.1096946660361154e-15,9.0613446
1705722529.4121096,-0.0010024603878252042,-0.0006399927144650707,-0.9995072865187666,0.03136510287546135,-0.00044649001210927963,-2.8683338314294866e-05,-0.0004030098207294941,0.0,1.1757479199668367e-15,9.60071035
1705722529.6631348,-0.0007752457346621756,-0.0007731811162239291,-0.9995081836693199,0.0313399419761653,0.0005135021638125181,0.005232473369687796,-0.0005236947908997542,0.0,1.2081740628055542e-15,9.8654899
1705722529.9131703,-0.0006343968916883841,-0.0006539722777481892,-0.9995087042401726,0.03132921973135189,-0.0022336887195706367,0.0009538843296468258,-0.00029611075296998035,0.0,1.2189827770851268e-15,9.95374975
1705722530.1631904,-0.0006376953966436737,-0.00039667496023012124,-0.9995090834328945,0.031321368563521634,-0.00113014318048954,-0.0008246898651123047,-0.00019912770949304093,0.0,1.2201837453384126e-15,9.9635564
1705722530.413231,-0.0007805728796874754,-0.0005437574203079716,-0.9995092586550487,0.031310332107502115,-0.0013981969095766544,-0.0006001447327435017,-0.00040274974890053267,0.0,1.2153798723252691e-15,9.9243298
1705722530.6632605,-0.0008567330498302429,-0.0004646481832690837,-0.9995090431205882,0.031316494547012574,-0.0013631663750857115,0.0003627217374742031,-0.00015698792412877088,0.0,1.2093750310588401e-15,9.87529655
1705722530.9132922,-0.000643240585133693,-0.0003084417729774682,-0.9995092639554375,0.03131648723087932,0.0007403488270938396,0.0012922885362058878,-0.00040059979073703305,0.0,1.2057721262989826e-15,9.8458766
1705722531.1633203,-0.0004792282649404038,-0.0003355779115884111,-0.9995100012975959,0.0312956072606862,-0.0015008016489446163,-0.0020856405608356,-0.00039449403993785354,0.0,1.202169221539125e-15,9.81645665
1705722531.4133532,-0.0005468078075885712,-0.00018323734335720887,-0.9995102898115131,0.03128654640899953,-0.001180803868919611,-0.002171384636312723,6.499770097434548e-05,0.0,1.202169221539125e-15,9.81645665
1705722531.6623824,-0.0006640974744089963,-0.0002011030531981784,-0.9995095261300994,0.03130855645491798,-0.000886713620275259,0.0007929762359708548,-4.76120039820672e-05,0.0,1.2009682532858392e-15,9.80665
1705722531.9134212,-0.0007730704100015468,-0.0004303353344087103,-0.9995091976136495,0.03131423093993457,0.002632679883390665,-0.0015522262547165155,-0.0004814486019313333,0.0,1.2009682532858392e-15,9.80665
1705722532.1634398,-0.0007792850466109679,-0.0005220935212535789,-0.9995109294523215,0.03125735175167277,-0.001077849417924881,-0.0009544885251671077,-0.0006576511077582835,0.0,1.202169221539125e-15,9.81645665
1705722532.413477,-0.0007103381371511594,-0.0005667888649595836,-0.9995094834986564,0.03130441768125786,0.0012724637053906918,6.088591180741797e-05,0.0008522470016032457,0.0,1.2009682532858392e-15,9.80665
1705722532.6635108,-0.00074163771194253,-0.0005760722773614762,-0.9995059593270781,0.031415846063615305,-0.0003220515791326761,0.0009114597924053669,0.00011095497757196416,0.0,1.202169221539125e-15,9.81645665
1705722532.913542,-0.0007964916530040122,-0.0007638310705422368,-0.9995067569601672,0.03138510720248622,0.0015607625246047974,-0.0016835888382047417,-0.0010286259930580852,0.0,1.202169221539125e-15,9.81645665
1705722533.163566,-0.0007457072995786775,-0.0008263429720407307,-0.9995105324781316,0.03126430141867875,0.0003694407641887665,0.0012218607589602468,-0.0009921209421008827,0.0,1.202169221539125e-15,9.81645665
1705722533.4136043,-0.0007273236384987169,-0.0007886223403778354,-0.9995124823157842,0.031203313446946213,-0.0003305855207145214,0.0011342500802129507,-0.0004910673014819623,0.0,1.202169221539125e-15,9.81645665
1705722533.6626313,-0.0007665408034303039,-0.0007950262822335527,-0.9995128875883574,0.031189227197715275,-0.0012591190170496702,0.0008697165176272392,-0.00012437114492058765,0.0,1.2009682532858392e-15,9.80665
1705722533.913672,-0.0007527867936441577,-0.0007525480222958017,-0.999512091624414,0.031216112507910843,0.0009276792407035828,-0.0012355283834040165,0.00013726716861128823,0.0,1.2009682532858392e-15,9.80665
1705722534.163696,-0.0007966376987330831,-0.00065239422999046,-0.9995106008837239,0.03126497195269351,0.0017380390781909227,-0.0019267955794930458,0.0003302474506199362,0.0,1.2009682532858392e-15,9.80665
1705722534.4137285,-0.0007748131091306515,-0.0005848778131762465,-0.9995088432634074,0.03132299188830401,0.002879084087908268,-0.0013817471917718649,0.00020597712136805074,0.0,1.2009682532858392e-15,9.80665
1705722534.6637607,-0.000785244715757632,-0.0005267543333015331,-0.9995074039224439,0.03136965770972555,-0.0027553748805075884,0.0008508777245879173,0.00011815340258181084,0.0,1.202169221539125e-15,9.81645665
1705722534.9137912,-0.0007750905963280391,-0.0004888724382336105,-0.9995064594140928,0.031400602347899875,0.001432772260159254,-0.0012903129681944847,-0.00010729557834565623,0.0,1.202169221539125e-15,9.81645665
1705722535.1638145,-0.0008043346880131006,-0.0005426324124270898,-0.9995079235251387,0.031352342914684084,0.00119209592230618,-0.0005285311490297319,-0.0012155163567513227,0.0,1.202169221539125e-15,9.81645665
1705722535.4138503,-0.0007859421701127259,-0.0004658338078863949,-0.9995115363271254,0.03123866262755237,-0.0006057932041585445,0.0010221395641565323,-0.0008816407062113286,0.0,1.2009682532858392e-15,9.80665
1705722535.662871,-0.0008012395898221635,-0.0004705570378221833,-0.999512225232672,0.031216152895992444,-0.0006346176378428936,-0.0003868653438985348,-0.00016888743266463274,0.0,1.202169221539125e-15,9.81645665
1705722535.9139092,-0.000835949040428982,-0.0005259180002336599,-0.9995112067569537,0.031246954519073167,0.00445711612701416,-0.0035021149087697268,0.00017059431411325975,0.0,1.202169221539125e-15,9.81645665
1705722536.1639326,-0.000858350317332467,-0.0007296137165846771,-0.9995094378456753,0.031298794800750096,0.0038920624647289515,-0.0017938630189746618,0.0001526137348264458,0.0,1.202169221539125e-15,9.81645665
1705722536.413961,-0.000857490433400268,-0.0007785188397284848,-0.9995078843574694,0.03134721240921223,-0.0002771990839391947,-0.0027719615027308464,-2.4784822016954083e-05,0.0,1.202169221539125e-15,9.81645665
1705722536.663985,-0.0007761997060980986,-0.00077673829515274,-0.9995073241416933,0.0313672309703788,-0.00053566531278193,-1.3712095096707368e-05,-0.0001877564936876297,0.0,1.2009682532858392e-15,9.80665
1705722536.9140248,-0.0007417348579467696,-0.0008140932497492572,-0.9995074924403904,0.03136175436904026,0.0009265395347028971,0.00042006885632872576,-0.0003656973131000996,0.0,1.202169221539125e-15,9.81645665
1705722537.16405,-0.0007477650086046655,-0.0008018185793488027,-0.9995082716144774,0.03133708519785361,0.001868050778284669,-0.001732455799356103,-0.00043599959462881067,0.0,1.202169221539125e-15,9.81645665
1705722537.414085,-0.0007603670108671611,-0.000802662827295824,-0.999508867979956,0.031317733056865915,0.002079301979392767,-0.0023354177828878164,-0.00034619402140378925,0.0,1.202169221539125e-15,9.81645665
1705722537.6641161,-0.0007452924987061857,-0.0007875874047320698,-0.9995092037207509,0.03130776138087771,0.0021549807861447334,-0.0016903022769838572,-0.00017845025286078431,0.0,1.202169221539125e-15,9.81645665
1705722537.913146,-0.0008990834433528709,-0.0007296923121063995,-0.9995088674585906,0.03131585971576245,0.00024326355196535587,-0.004951631184667349,-0.0001346364151686424,0.0,1.202169221539125e-15,9.81645665
1705722538.1641726,-0.0010066904385245478,-0.0006894385838003809,-0.9995085293677677,0.03132428722066244,-0.0017844903049990535,0.00016216165386140344,-0.000180297764018178,0.0,1.202169221539125e-15,9.81645665
1705722538.4142048,-0.0009889550150047179,-0.0006201815618421545,-0.9995085781578953,0.03132474312091488,-0.0007919359486550093,0.0014526457525789738,-0.0002604252658784391,0.0,1.202169221539125e-15,9.81645665
1705722538.6642263,-0.0009987123961058952,-0.0006492591238509695,-0.9995085862454098,0.031323586286406746,0.0022725530434399843,-0.0020751457195729017,-0.0002858384978026149,0.0,1.202169221539125e-15,9.81645665
1705722538.9142697,-0.000974832030034398,-0.0006276169711013804,-0.9995084996350438,0.0313275431011491,0.0025367175694555044,4.264106974005695e-05,-0.0003358100075274706,0.0,1.202169221539125e-15,9.81645665
1705722539.1642873,-0.0009307904158549079,-0.000596904971623595,-0.999508560217681,0.0313275499398698,-0.000949677312746644,0.0015646142419427633,-0.00024656555615365527,0.0,1.202169221539125e-15,9.81645665
1705722539.4143221,-0.0009199444034349247,-0.0005657868816808857,-0.9995085670366565,0.031328230205818874,-0.0017936057411134243,0.0008863010443747044,-0.00020551099441945564,0.0,1.202169221539125e-15,9.81645665
1705722539.6643488,-0.0009020074527107851,-0.000593441268665674,-0.9995083557931537,0.031334979012000885,0.0017609619535505772,-0.0010587784927338362,-0.00015673949383199201,0.0,1.202169221539125e-15,9.81645665
1705722539.9133778,-0.0009115134520126023,-0.0006576708517501833,-0.9995080396978243,0.03134350318151918,0.0025021126493811607,-0.0027947272174060345,-0.0002179886214435097,0.0,1.202169221539125e-15,9.81645665
1705722540.164403,-0.0008878206097391773,-0.0006343229891634404,-0.9995075820001342,0.0313592559407147,-0.000878774793818593,0.0010960791260004044,-8.002622053027167e-05,0.0,1.2009682532858392e-15,9.80665
1705722540.4144413,-0.0008555751783162732,-0.0006334041023702192,-0.9995070354191105,0.03137758655566397,-0.0009120162576436996,0.0008925085421651602,-0.0001437037717550994,0.0,1.2009682532858392e-15,9.80665
1705722540.664462,-0.0008419469717939566,-0.0006625058745087795,-0.9995079379671008,0.03134859090959191,-0.0014877945650368929,0.0012856514658778906,-0.0005029949825257064,0.0,1.2009682532858392e-15,9.80665
1705722540.9145029,-0.0008099229561845787,-0.0006688943220542169,-0.9995089000112627,0.03131861113565759,0.0013460544869303703,-0.0011795740574598312,-0.0005250000394880771,0.0,1.2009682532858392e-15,9.80665
1705722541.1645226,-0.0007937217983163001,-0.0006800057887645376,-0.9995094541941816,0.03130109541666776,0.001535717397928238,-0.0016103482339531183,-0.0003364749718457458,0.0,1.202169221539125e-15,9.81645665
1705722541.4145586,-0.0008089666968186228,-0.0006875768336438217,-0.9995093523481721,0.03130379177541748,0.000898357480764389,-0.0016549581196159124,-0.00020084087736904602,0.0,1.2009682532858392e-15,9.80665
1705722541.6645925,-0.0008294150837711354,-0.0007040339323950845,-0.9995071247365868,0.031373938350839015,0.0015963907353579998,-0.000644699204713106,0.0004669614136219025,0.0,1.2009682532858392e-15,9.80665
1705722541.9136193,-0.0007941515775309388,-0.0006986268272340609,-0.9995044258482184,0.031460832055930976,-0.00027547753416001797,0.00013806484639644626,0.00011729123070836066,0.0,1.2009682532858392e-15,9.80665
1705722542.1646442,-0.0007384102117474398,-0.0006300988529209726,-0.999502692484863,0.03151865227613576,-0.00024830177426338196,0.00013565667904913428,0.00016347947530448434,0.0,1.2009682532858392e-15,9.80665
1705722542.4146879,-0.0009263291342591771,-0.0005719110652686702,-0.9995005421906651,0.0315829224840673,-0.0002814196050167084,-0.003758304286748171,0.00027467729523778005,0.0,1.2009682532858392e-15,9.80665
1705722542.664705,-0.0010668617605938038,-0.00048339367322507967,-0.9995003781680747,0.03158515756516739,-0.0002466838341206312,-0.0012301946990191936,-0.00037379283457994445,0.0,1.2009682532858392e-15,9.80665
1705722542.9147413,-0.000957289002251562,-0.0005885119773809078,-0.9995026874550963,0.031513727508160505,-0.0007190341129899025,0.002109103836119175,-0.0013580527156591418,0.0,1.2009682532858392e-15,9.80665
1705722543.1647716,-0.0007723930869090594,-0.0004781046994680928,-0.9995074304254772,0.03136991152483004,-0.001292120199650526,0.0010986910201609133,-0.0013289796188473704,0.0,1.202169221539125e-15,9.81645665
1705722543.4148004,-0.0008107190149642341,-0.000439905571825187,-0.9995118283808422,0.03122905929663017,-0.00013956287875771523,-0.0014173809904605152,-0.0012548838276416061,0.0,1.2009682532858392e-15,9.80665
1705722543.6648262,-0.0008027854625537747,-0.00026991511186237724,-0.9995123405965087,0.03121479900018831,-0.00021602166816592216,-0.0006579228211194277,0.0001847816165536643,0.0,1.202169221539125e-15,9.81645665
1705722543.9148583,-0.0008517369601228704,-0.00044433548535537576,-0.9995084167819535,0.03133690942259176,0.0017464477568864822,-0.001486919820308685,0.0011362833902239802,0.0,1.202169221539125e-15,9.81645665
1705722544.1638794,-0.000895118715966829,-0.0004957033031234222,-0.9995033004399319,0.03149770547838293,0.0005097049288451672,-0.001834813505411148,0.000398606061935425,0.0,1.202169221539125e-15,9.81645665
1705722544.4149203,-0.0007962792930018977,-0.0005186734298005845,-0.9995023174550688,0.03153116425233282,-0.0015845762100070715,0.0021850811317563057,-0.0006205423269420864,0.0,1.202169221539125e-15,9.81645665
1705722544.664939,-0.0005233322540905854,-0.00048175749612950854,-0.9995062910671886,0.03141127425271201,0.0013613866176456213,-0.00037528877146542094,-0.0015936729032546282,0.0,1.202169221539125e-15,9.81645665
1705722544.9149745,-0.0005374004396731683,-0.00046874452676900434,-0.9995107972443256,0.031267517831587155,0.002751738764345646,-0.004527345299720764,-0.0009295654017478222,0.0,1.202169221539125e-15,9.81645665
1705722545.1650045,-0.0005484531821610385,-0.0006939765604848366,-0.9995112895604941,0.031247394079480906,0.000722026452422142,0.00011614500544965262,-0.00042376271449029446,0.0,1.202169221539125e-15,9.81645665
1705722545.4150329,-0.0006258034478733529,-0.0006653943504655035,-0.9995120184748261,0.031223237256600256,0.0007560048252344131,-0.00020514149218797686,-0.0002797150518745184,0.0,1.2009682532858392e-15,9.80665
1705722545.6650586,-0.0005905180622914152,-0.0005895886593270353,-0.999510713362796,0.03126719601476402,-0.0006611591670662165,0.0011053802445530891,0.00011277478188276277,0.0,1.202169221539125e-15,9.81645665
1705722545.9150963,-0.0007095947363471162,-0.00047542740324015145,-0.9995088617945528,0.031325798285947615,-0.0004625166766345501,-0.0008172972593456507,-0.00015328661538660515,0.0,1.2009682532858392e-15,9.80665
1705722546.1641164,-0.0008038616641978509,-0.0004396556889998926,-0.9995082294012004,0.031344215871145054,-0.00037843151949346066,-0.0007323825266212225,-0.00041237054392695416,0.0,1.2009682532858392e-15,9.80665
1705722546.4151568,-0.0008569147424570887,-0.00048570504979909395,-0.9995087056673636,0.0313269386132779,0.0008053819183260202,-0.00014505232684314256,-0.0005220368038862944,0.0,1.202169221539125e-15,9.81645665
1705722546.665181,-0.0008219087032688142,-0.0005083919196488412,-0.999507909185334,0.031352918200726054,-0.0006311910692602396,-0.0008437165524810553,5.085254088044177e-05,0.0,1.202169221539125e-15,9.81645665
1705722546.9152148,-0.0007030974289761641,-0.0005516062510975082,-0.9995083064087021,0.03134241223258083,0.0028240482788532972,-0.0010715629905462267,-0.0011294318828731773,0.0,1.202169221539125e-15,9.81645665
1705722547.1652436,-0.0007124568320493286,-0.0006252761767420965,-0.9995122833778138,0.03121372793874616,0.001722010551020503,-0.0017374055460095408,-0.001161932712420821,0.0,1.2033701897924109e-15,9.8262633
1705722547.4152725,-0.0007140130749904556,-0.0008060797350532782,-0.999512187701879,0.031212610531531737,0.001737735467031598,0.0005878473166376352,0.0002351838629692792,0.0,1.202169221539125e-15,9.81645665
1705722547.6652975,-0.0007902351683524556,-0.0008252591153490733,-0.9995079025773477,0.03134720340320918,0.0004481012001633644,-0.0019299113191664219,0.0006940623279660942,0.0,1.202169221539125e-15,9.81645665
1705722547.9153354,-0.0009397882927708028,-0.0007306040417477471,-0.9995040121845917,0.03146923327000839,0.003640220034867525,-0.0007744785398244857,0.0006134053692221643,0.0,1.202169221539125e-15,9.81645665
1705722548.1643536,-0.0009114911750401332,-0.0008064535737476036,-0.9995015313403669,0.031546912126749926,0.0017256021965295076,0.00019247992895543578,0.00011103413999080655,0.0,1.202169221539125e-15,9.81645665
1705722548.4153848,-0.0008259152096961612,-0.0009818867442296323,-0.999499469682492,0.03160955341198468,0.0016681773122400045,0.0013929079286754131,9.512645192444307e-05,0.0,1.2009682532858392e-15,9.80665
1705722548.6654234,-0.0004911364217662868,-0.0008959655114241566,-0.9994985378376648,0.03164852115324979,-0.0032113781198859215,0.0012021444272249937,-0.00018824869766831412,0.0,1.2009682532858392e-15,9.80665
